﻿Номер поручения;Заказчик;Дата поручения;Выполнено;Дата выполнения;Затрачено дней;Сумма вознаграждения;Описание
11000;Анна;1051-08-11;да;1051-08-21;4;6000;В лесу по дороге от пещеры звери нападают на людей. Нужно убить их. Осмотрите все возможные укрытия, чтобы найти зверей.
11001;Мария;1051-07-09;да;1051-09-02;2;20000;В лесу по дороге от пещеры были замечены разбойники. Нужно убить их. Будьте осторожны, так как разбойники могут быть опасными.
11002;Эмилио;1053-10-05;да;1053-10-20;7;22500;По дороге из деревни монстры похитили путников. Нужно освободить их. Осмотрите все возможные укрытия, чтобы найти похищенных.
11003;Бьянка;1052-11-24;да;1052-12-02;5;5500;Недалеко от города видели монстров. Нужно победить их. Будьте осторожны, так как монстры могут быть опасными.
11004;Бьянка;1052-02-23;да;1052-03-30;8;10500;В деревне у меня пропала сумка с документами. Нужно найти её как можно скорее.
11005;Анна;1051-09-07;да;1051-09-24;4;9000;В лесу недалеко от города заметили зверей. Нужно убить их.
11006;Роман;1053-08-27;да;1053-10-18;8;8000;В пещере появвилось огромное каменное чудовище. Нужно уничтожить его.
11007;Иван;1051-02-14;да;1051-03-26;10;21500;В пещере появвилось огромное каменное чудовище. Нужно уничтожить его.
11008;Олег;1053-06-19;да;1053-06-24;3;12000;Недалеко от города у меня потерялась драгоценность. Нужно найти её как можно скорее.
11009;Татьяна;1052-10-19;да;1052-12-13;2;28500;В пещере появвилось огромное каменное чудовище. Нужно убить его.
11010;Анна;1051-02-12;да;1051-02-18;4;22500;Недалеко от города встречаются звери. Нужно убить их. Будьте осторожны, так как звери могут быть опасными.
11011;Аделина;1052-02-19;да;1052-02-28;3;6500;Недалеко от города заметили разбойников. Нужно прогнать их. Будьте осторожны, так как разбойники могут быть опасными.
11012;Эмилио;1052-01-08;да;1052-02-14;4;11000;В пещере завёлся дракон. Нужно его убить.
11013;Бабушка Синь;1053-05-23;да;1053-06-06;10;24500;В лесу около деревни разбойники нападают на людей. Нужно проучить их.
11014;Татьяна;1052-05-16;да;1052-05-30;3;17500;В лесу по дороге от пещеры заметили зверей. Нужно убить их.
11015;Анна;1052-12-25;да;1053-01-30;7;24500;В лесу по дороге от пещеры заметили зверей. Нужно прогнать их. Осмотрите все возможные укрытия, чтобы найти зверей.
11016;Надя;1051-10-27;да;1051-12-02;4;26500;В лесу около деревни видели монстров. Нужно уничтожить их. Осмотрите все возможные укрытия, чтобы найти монстров.
11017;Максимилиан;1053-03-03;да;1053-03-08;4;11500;В пещере завёлся дракон. Нужно его уничтожить.
11018;Надя;1053-03-14;да;1053-05-13;9;19500;По дороге из деревни монстры похитили путников. Нужно освободить их. Осмотрите все возможные укрытия, чтобы найти похищенных.
11019;Иван;1053-05-22;да;1053-06-08;10;7500;В городе у меня пропала сумка с документами. Нужно найти её как можно скорее.
11020;Бьянка;1051-06-24;да;1051-07-14;6;15500;Недалеко от города монстры похитили путников. Нужно спасти их. Осмотрите все возможные укрытия, чтобы найти похищенных.
11021;Чарли;1051-03-07;да;1051-04-04;5;13000;В лесу по дороге от пещеры заметили монстров. Нужно победить их.
11022;Надя;1051-08-23;да;1051-08-29;2;26000;В пещере появвилось огромное каменное чудовище. Нужно убить его.
11023;Леонтия;1051-02-16;да;1051-04-11;9;12500;В деревне у меня потерялся рюкзак. Нужно найти его как можно скорее.
11024;Эмилио;1051-06-04;да;1051-07-21;3;18500;В лесу недалеко от города заметили зверей. Нужно убить их. Осмотрите все возможные укрытия, чтобы найти зверей.
11025;Эмилио;1052-11-06;да;1052-12-31;1;24000;В деревне у меня была украдена сумка с документами. Нужно вернуть её как можно скорее.
11026;Эмилио;1051-01-10;да;1051-01-18;1;15000;В лесу между городом и деревней видели монстров. Нужно победить их.
11027;Леонтия;1051-07-19;да;1051-09-08;9;25500;В городе у меня пропал рюкзак. Нужно найти его как можно скорее.
11028;Надя;1053-04-09;да;1053-05-15;1;27500;В деревне у меня была украдена сумка с документами. Нужно найти её как можно скорее.
11029;Роман;1053-11-23;да;1054-01-13;9;17500;В городе у меня пропала сумка с документами. Нужно вернуть её как можно скорее.
11030;Чарли;1051-08-10;да;1051-08-15;3;14500;Недалеко от города у меня потерялась сумка с документами. Нужно вернуть её как можно скорее. Проверьте все места, где она могла быть оставлена.
11031;Аделина;1051-02-01;да;1051-03-24;5;29000;В городе у меня была украдена драгоценность. Нужно вернуть её как можно скорее.
11032;Иван;1052-07-07;да;1052-08-23;8;9000;Недалеко от города у меня был украден рюкзак. Нужно вернуть его как можно скорее.
11033;Надя;1052-04-12;да;1052-06-08;4;21500;В городе монстры похитили путников. Нужно спасти их. Осмотрите все возможные укрытия, чтобы найти похищенных.
11034;Анна;1052-12-21;да;1053-01-02;6;13000;Недалеко от города у меня была украдена сумка с документами. Нужно вернуть её как можно скорее.
11035;Влад;1052-06-26;да;1052-07-01;3;27500;В деревне у меня пропал рюкзак. Нужно найти его как можно скорее.
11036;Егор;1051-10-13;да;1051-10-16;2;18500;В лесу между городом и деревней видели монстров. Нужно победить их.
11037;Татьяна;1053-04-01;да;1053-05-20;1;6500;В пещере появвилось огромное каменное чудовище. Нужно уничтожить его. Это может потребовать времени и усилий, так как огромное каменное чудовище очень опасен.
11038;Влад;1052-07-03;да;1052-08-03;3;19000;Недалеко от города монстры похитили путников. Нужно спасти их. Осмотрите все возможные укрытия, чтобы найти похищенных.
11039;Иван;1052-02-26;да;1052-03-05;1;26500;В пещере завёлся дракон. Нужно его убить.
11040;Бабушка Синь;1052-02-18;да;1052-03-19;7;12500;По дороге из деревни монстры похитили путников. Нужно освободить их. Осмотрите все возможные укрытия, чтобы найти похищенных.
11041;Анна;1053-04-10;да;1053-04-18;7;15500;В лесу между городом и деревней монстры нападают на людей. Нужно уничтожить их.
11042;Егор;1052-09-20;да;1052-11-01;5;5000;В деревне монстры похитили путников. Нужно освободить их. Осмотрите все возможные укрытия, чтобы найти похищенных.
11043;Бьянка;1052-08-07;да;1052-09-28;1;9000;В лесу между городом и деревней заметили зверей. Нужно прогнать их.
11044;Надя;1051-09-28;да;1051-11-26;4;7500;По дороге из деревни встречаются звери. Нужно прогнать их.
11045;Олег;1051-07-16;да;1051-08-03;5;29000;В пещере завёлся дракон. Нужно его уничтожить. Это может потребовать времени и усилий, так как дракон очень опасен.
11046;Максимилиан;1053-03-02;да;1053-04-01;4;16000;В городе у меня потерялся рюкзак. Нужно вернуть его как можно скорее.
11047;Иван;1052-05-06;да;1052-05-21;2;10500;Недалеко от города у меня потерялась драгоценность. Нужно найти её как можно скорее.
11048;Леонтия;1053-11-01;да;1053-12-24;10;21500;В городе у меня пропал рюкзак. Нужно вернуть его как можно скорее.
11049;Влад;1052-12-09;да;1052-12-26;4;25000;В пещере появвилось огромное каменное чудовище. Нужно уничтожить его. Это может потребовать времени и усилий, так как огромное каменное чудовище очень опасен.
11050;Чарли;1052-09-01;да;1052-09-16;7;8500;В лесу по дороге от пещеры заметили зверей. Нужно убить их. Осмотрите все возможные укрытия, чтобы найти зверей.
11051;Татьяна;1051-06-26;да;1051-07-29;9;21500;В деревне у меня была украдена сумка с документами. Нужно вернуть её как можно скорее.
11052;Анна;1052-09-12;да;1052-10-10;7;6000;В деревне у меня потерялась драгоценность. Нужно найти её как можно скорее. Проверьте все места, где она могла быть оставлена.
11053;Максимилиан;1052-03-25;да;1052-05-19;9;12500;Недалеко от города у меня была украдена драгоценность. Нужно найти её как можно скорее.
11054;Бабушка Синь;1052-01-21;да;1052-03-09;9;21500;В пещере завёлся дракон. Нужно его убить. Это может потребовать времени и усилий, так как дракон очень опасен.
11055;Олег;1052-05-12;да;1052-06-27;1;11000;В пещере завёлся дракон. Нужно его уничтожить. Это может потребовать времени и усилий, так как дракон очень опасен.
11056;Мария;1053-09-06;нет;;;23500;По дороге из деревни у меня пропала драгоценность. Нужно вернуть её как можно скорее.
11057;Эмилио;1051-12-09;да;1051-12-17;4;28000;В пещере завёлся дракон. Нужно его уничтожить.
11058;Бьянка;1053-05-11;да;1053-06-04;4;23000;В пещере завёлся дракон. Нужно его убить.
11059;Егор;1053-10-25;да;1053-11-27;10;14000;В пещере появвилось огромное каменное чудовище. Нужно уничтожить его.
11060;Анна;1052-01-31;да;1052-02-06;5;23500;В городе у меня потерялась драгоценность. Нужно вернуть её как можно скорее.
11061;Роман;1052-11-10;да;1052-12-09;10;25500;В пещере завёлся дракон. Нужно его уничтожить.
11062;Эмилио;1051-08-18;да;1051-09-11;5;15000;В пещере завёлся дракон. Нужно его убить.
11063;Мария;1053-04-28;да;1053-05-11;9;24500;В лесу около деревни заметили монстров. Нужно победить их.
11064;Влад;1053-05-06;да;1053-06-11;1;26500;В городе у меня пропала драгоценность. Нужно найти её как можно скорее.
11065;Бабушка Синь;1051-09-02;да;1051-10-18;3;26000;В пещере появвилось огромное каменное чудовище. Нужно уничтожить его.
11066;Бьянка;1053-05-19;да;1053-06-05;2;27000;В пещере завёлся дракон. Нужно его убить. Это может потребовать времени и усилий, так как дракон очень опасен.
11067;Анна;1051-01-10;да;1051-01-14;1;29500;В пещере появвилось огромное каменное чудовище. Нужно убить его.
11068;Надя;1052-05-31;да;1052-06-13;6;9000;В пещере завёлся дракон. Нужно его уничтожить. Это может потребовать времени и усилий, так как дракон очень опасен.
11069;Аделина;1052-06-30;да;1052-08-16;8;11500;В лесу недалеко от города заметили разбойников. Нужно прогнать их.
11070;Эмилио;1053-07-04;да;1053-08-12;3;8000;В деревне монстры похитили путников. Нужно спасти их.
11071;Татьяна;1052-04-12;да;1052-06-11;8;5500;В лесу по дороге от пещеры были замечены разбойники. Нужно проучить их. Осмотрите все возможные укрытия, чтобы найти разбойников.
11072;Анна;1053-06-15;да;1053-07-31;3;15000;В пещере появвилось огромное каменное чудовище. Нужно уничтожить его.
11073;Олег;1053-02-16;да;1053-04-04;2;17500;В пещере завёлся дракон. Нужно его уничтожить.
11074;Мария;1051-12-02;да;1052-01-25;10;18500;В пещере завёлся дракон. Нужно его уничтожить. Это может потребовать времени и усилий, так как дракон очень опасен.
11075;Леонтия;1053-03-06;да;1053-05-05;9;14500;В пещере завёлся дракон. Нужно его убить.
11076;Чарли;1053-09-26;да;1053-11-16;9;22000;В лесу по дороге от пещеры монстры нападают на людей. Нужно победить их.
11077;Бьянка;1053-10-09;да;1053-12-06;8;24500;В лесу по дороге от пещеры монстры нападают на людей. Нужно уничтожить их.
11078;Леонтия;1051-09-18;да;1051-11-12;6;8500;В пещере появвилось огромное каменное чудовище. Нужно уничтожить его.
11079;Иван;1051-10-10;да;1051-10-17;4;12500;В пещере появвилось огромное каменное чудовище. Нужно убить его.
11080;Чарли;1051-06-13;да;1051-07-23;6;25500;В лесу по дороге от пещеры видели монстров. Нужно уничтожить их.
11081;Татьяна;1052-05-29;да;1052-06-27;9;19500;Недалеко от города звери нападают на людей. Нужно убить их.
11082;Роман;1051-09-05;да;1051-09-21;8;19000;В лесу между городом и деревней встречаются звери. Нужно прогнать их.
11083;Надя;1051-05-24;да;1051-06-14;1;20000;По дороге из деревни заметили монстров. Нужно победить их.
11084;Анна;1053-04-30;да;1053-05-03;1;5500;В пещере завёлся дракон. Нужно его уничтожить.
11085;Татьяна;1052-09-21;да;1052-10-04;4;17000;По дороге из деревни монстры нападают на людей. Нужно победить их. Осмотрите все возможные укрытия, чтобы найти монстров.
11086;Максимилиан;1051-12-23;да;1052-02-12;10;24500;В городе монстры похитили путников. Нужно спасти их. Осмотрите все возможные укрытия, чтобы найти похищенных.
11087;Роман;1051-09-11;да;1051-09-23;9;12000;В лесу недалеко от города монстры нападают на людей. Нужно победить их.
11088;Анна;1052-09-30;да;1052-10-12;7;13500;В пещере появвилось огромное каменное чудовище. Нужно уничтожить его.
11089;Бабушка Синь;1051-08-17;да;1051-08-21;3;16500;В пещере появвилось огромное каменное чудовище. Нужно уничтожить его.
11090;Анна;1051-04-14;да;1051-05-03;10;24000;В лесу около деревни разбойники нападают на людей. Нужно проучить их.
11091;Аделина;1051-02-08;да;1051-03-26;3;19000;Недалеко от города монстры нападают на людей. Нужно уничтожить их.
11092;Леонтия;1053-08-31;да;1053-09-16;6;7000;В лесу по дороге от пещеры заметили зверей. Нужно прогнать их.
11093;Егор;1052-10-28;да;1052-11-04;6;24500;В лесу между городом и деревней монстры нападают на людей. Нужно победить их.
11094;Леонтия;1052-11-23;да;1053-01-09;2;17500;По дороге из деревни монстры похитили путников. Нужно освободить их. Осмотрите все возможные укрытия, чтобы найти похищенных.
11095;Бьянка;1052-04-25;да;1052-05-07;7;23500;По дороге из деревни у меня пропала драгоценность. Нужно вернуть её как можно скорее. Проверьте все места, где она могла быть оставлена.
11096;Бьянка;1053-10-17;да;1053-11-26;9;8000;Недалеко от города у меня была украдена драгоценность. Нужно найти её как можно скорее.
11097;Роман;1052-08-18;да;1052-09-25;8;26500;В лесу недалеко от города заметили разбойников. Нужно проучить их.
11098;Бьянка;1052-07-16;да;1052-09-07;6;5500;В пещере завёлся дракон. Нужно его уничтожить. Это может потребовать времени и усилий, так как дракон очень опасен.
11099;Чарли;1051-09-11;да;1051-10-12;8;28500;В городе у меня была украдена драгоценность. Нужно вернуть её как можно скорее.
11100;Анна;1051-04-10;да;1051-05-22;5;7500;Недалеко от города заметили монстров. Нужно уничтожить их. Будьте осторожны, так как монстры могут быть опасными.
11101;Максимилиан;1051-11-25;да;1052-01-04;2;25000;В лесу недалеко от города заметили зверей. Нужно прогнать их.
11102;Надя;1053-01-25;да;1053-01-31;1;22500;В пещере появвилось огромное каменное чудовище. Нужно убить его.
11103;Чарли;1051-10-07;да;1051-11-18;2;6000;В пещере появвилось огромное каменное чудовище. Нужно уничтожить его.
11104;Влад;1051-10-29;да;1051-12-04;1;21000;В лесу около деревни разбойники нападают на людей. Нужно прогнать их.
11105;Олег;1052-03-17;да;1052-04-18;8;24500;По дороге из деревни монстры похитили путников. Нужно освободить их. Осмотрите все возможные укрытия, чтобы найти похищенных.
11106;Мария;1052-08-01;да;1052-09-25;9;10000;В городе у меня была украдена драгоценность. Нужно найти её как можно скорее.
11107;Максимилиан;1052-07-16;да;1052-08-27;5;8000;В деревне у меня была украдена сумка с документами. Нужно вернуть её как можно скорее.
11108;Егор;1051-09-22;да;1051-10-10;5;26500;В деревне монстры похитили путников. Нужно спасти их.
11109;Анна;1051-11-09;да;1051-12-29;3;5000;Недалеко от города заметили монстров. Нужно уничтожить их. Будьте осторожны, так как монстры могут быть опасными.
11110;Татьяна;1052-03-19;да;1052-03-25;5;19500;По дороге из деревни разбойники нападают на людей. Нужно прогнать их. Будьте осторожны, так как разбойники могут быть опасными.
11111;Чарли;1053-03-12;да;1053-04-20;8;20000;В лесу между городом и деревней были замечены разбойники. Нужно убить их.
11112;Аделина;1051-02-22;да;1051-04-12;8;6000;В городе у меня потерялась сумка с документами. Нужно вернуть её как можно скорее.
11113;Анна;1053-11-01;да;1053-12-19;9;12000;По дороге из деревни монстры похитили путников. Нужно освободить их.
11114;Олег;1053-07-05;да;1053-07-13;7;28000;В городе у меня был украден рюкзак. Нужно вернуть его как можно скорее.
11115;Олег;1051-09-02;да;1051-09-25;2;27500;По дороге из деревни монстры похитили путников. Нужно освободить их.
11116;Роман;1051-10-06;да;1051-10-27;3;17000;В пещере завёлся дракон. Нужно его убить.
11117;Максимилиан;1053-02-20;да;1053-04-10;10;21500;Недалеко от города у меня была украдена сумка с документами. Нужно найти её как можно скорее.
11118;Максимилиан;1051-07-02;да;1051-07-26;10;12500;Недалеко от города у меня потерялась драгоценность. Нужно вернуть её как можно скорее. Проверьте все места, где она могла быть оставлена.
11119;Эмилио;1052-05-09;да;1052-06-06;1;25500;В пещере завёлся дракон. Нужно его уничтожить.
11120;Леонтия;1053-06-30;да;1053-07-08;1;26000;В лесу между городом и деревней были замечены разбойники. Нужно прогнать их.
11121;Роман;1053-04-25;да;1053-06-16;7;26500;В лесу между городом и деревней монстры нападают на людей. Нужно уничтожить их.
11122;Бабушка Синь;1051-10-16;да;1051-10-29;1;19500;По дороге из деревни заметили монстров. Нужно уничтожить их. Будьте осторожны, так как монстры могут быть опасными.
11123;Татьяна;1052-12-02;да;1053-01-20;6;12500;В деревне монстры похитили путников. Нужно спасти их.
11124;Чарли;1052-03-11;да;1052-05-07;6;21000;В лесу по дороге от пещеры видели монстров. Нужно уничтожить их.
11125;Аделина;1053-04-14;да;1053-04-28;8;26500;В городе у меня потерялась сумка с документами. Нужно найти её как можно скорее.
11126;Роман;1051-08-21;да;1051-09-20;3;20500;В пещере завёлся дракон. Нужно его уничтожить.
11127;Бабушка Синь;1053-07-16;да;1053-07-27;4;12000;В лесу недалеко от города заметили разбойников. Нужно убить их.
11128;Надя;1052-02-15;да;1052-03-21;8;26500;Недалеко от города у меня был украден рюкзак. Нужно вернуть его как можно скорее.
11129;Олег;1051-04-23;да;1051-05-03;8;6500;В лесу между городом и деревней заметили зверей. Нужно убить их.
11130;Олег;1052-12-13;да;1052-12-19;1;16000;Недалеко от города монстры похитили путников. Нужно спасти их. Осмотрите все возможные укрытия, чтобы найти похищенных.
11131;Татьяна;1051-03-27;да;1051-05-23;6;19000;В пещере завёлся дракон. Нужно его убить.
11132;Эмилио;1052-03-14;да;1052-04-07;5;20000;В лесу по дороге от пещеры встречаются звери. Нужно прогнать их.
11133;Анна;1053-11-27;да;1053-12-15;10;20500;В пещере появвилось огромное каменное чудовище. Нужно убить его.
11134;Иван;1053-09-04;нет;;;27500;В пещере появвилось огромное каменное чудовище. Нужно уничтожить его.
11135;Олег;1051-01-28;да;1051-02-13;7;25500;В пещере завёлся дракон. Нужно его убить. Это может потребовать времени и усилий, так как дракон очень опасен.
11136;Мария;1053-08-19;да;1053-09-20;4;19500;В пещере появвилось огромное каменное чудовище. Нужно уничтожить его.
11137;Бабушка Синь;1051-02-21;да;1051-03-03;9;16000;В лесу недалеко от города встречаются звери. Нужно убить их.
11138;Надя;1051-08-09;да;1051-09-03;5;15500;В пещере появвилось огромное каменное чудовище. Нужно уничтожить его.
11139;Мария;1052-06-12;да;1052-08-04;8;5000;В городе у меня была украдена сумка с документами. Нужно вернуть её как можно скорее. Проверьте все места, где она могла быть оставлена.
11140;Аделина;1053-06-09;да;1053-06-14;4;25500;В лесу по дороге от пещеры были замечены разбойники. Нужно убить их.
11141;Аделина;1053-10-12;да;1053-11-10;1;18000;В пещере появвилось огромное каменное чудовище. Нужно уничтожить его.
11142;Аделина;1052-06-06;да;1052-07-05;4;11000;Недалеко от города монстры похитили путников. Нужно освободить их. Осмотрите все возможные укрытия, чтобы найти похищенных.
11143;Егор;1053-10-18;нет;;;10500;В пещере завёлся дракон. Нужно его убить. Это может потребовать времени и усилий, так как дракон очень опасен.
11144;Роман;1052-05-01;да;1052-06-28;2;14500;В пещере завёлся дракон. Нужно его уничтожить. Это может потребовать времени и усилий, так как дракон очень опасен.
11145;Влад;1051-04-20;да;1051-04-28;1;10000;Недалеко от города у меня потерялась драгоценность. Нужно найти её как можно скорее.
11146;Роман;1051-02-27;да;1051-03-20;5;28000;В пещере появвилось огромное каменное чудовище. Нужно уничтожить его.
11147;Аделина;1053-08-16;да;1053-10-08;8;20000;Недалеко от города у меня пропала сумка с документами. Нужно вернуть её как можно скорее.
11148;Бабушка Синь;1052-07-03;да;1052-08-06;7;22000;По дороге из деревни у меня была украдена драгоценность. Нужно найти её как можно скорее.
11149;Татьяна;1052-03-14;да;1052-04-18;4;15500;По дороге из деревни монстры похитили путников. Нужно освободить их.
11150;Иван;1053-01-28;да;1053-03-14;3;11500;По дороге из деревни у меня потерялась сумка с документами. Нужно найти её как можно скорее.
11151;Бабушка Синь;1053-08-23;да;1053-08-28;4;10500;В пещере завёлся дракон. Нужно его убить.
11152;Олег;1053-02-03;да;1053-03-20;1;7000;В пещере появвилось огромное каменное чудовище. Нужно убить его.
11153;Влад;1052-11-04;да;1052-11-22;4;17000;В пещере появвилось огромное каменное чудовище. Нужно убить его.
11154;Аделина;1053-09-22;да;1053-11-12;10;14000;В городе у меня пропал рюкзак. Нужно вернуть его как можно скорее.
11155;Бабушка Синь;1052-09-12;да;1052-09-17;4;13500;В пещере появвилось огромное каменное чудовище. Нужно уничтожить его.
11156;Егор;1053-02-28;да;1053-03-08;5;16500;В пещере завёлся дракон. Нужно его уничтожить. Это может потребовать времени и усилий, так как дракон очень опасен.
11157;Бьянка;1053-08-28;да;1053-09-04;2;23500;В деревне у меня пропала драгоценность. Нужно найти её как можно скорее.
11158;Иван;1053-02-09;да;1053-02-19;3;28000;Недалеко от города заметили монстров. Нужно уничтожить их.
11159;Егор;1051-12-24;да;1051-12-31;3;7000;В лесу между городом и деревней встречаются звери. Нужно убить их.
11160;Аделина;1052-07-02;да;1052-07-18;3;7000;В городе у меня потерялся рюкзак. Нужно найти его как можно скорее. Проверьте все места, где он мог быть оставлен.
11161;Эмилио;1053-10-03;нет;;;7500;В городе у меня потерялся рюкзак. Нужно найти его как можно скорее.
11162;Чарли;1051-04-03;да;1051-04-26;3;6000;По дороге из деревни разбойники нападают на людей. Нужно проучить их. Будьте осторожны, так как разбойники могут быть опасными.
11163;Влад;1052-12-16;да;1052-12-27;5;16000;В городе монстры похитили путников. Нужно спасти их. Осмотрите все возможные укрытия, чтобы найти похищенных.
11164;Олег;1053-05-04;да;1053-05-29;6;26500;Недалеко от города у меня был украден рюкзак. Нужно найти его как можно скорее.
11165;Чарли;1053-04-14;да;1053-06-10;9;12000;Недалеко от города монстры похитили путников. Нужно освободить их. Осмотрите все возможные укрытия, чтобы найти похищенных.
11166;Иван;1052-05-31;да;1052-07-21;2;17500;По дороге из деревни у меня была украдена сумка с документами. Нужно вернуть её как можно скорее.
11167;Егор;1053-02-09;да;1053-03-05;5;6000;В пещере появвилось огромное каменное чудовище. Нужно уничтожить его.
11168;Надя;1052-01-13;да;1052-03-11;7;13500;В пещере завёлся дракон. Нужно его убить.
11169;Бабушка Синь;1053-02-20;да;1053-03-07;7;7500;В деревне монстры похитили путников. Нужно спасти их.
11170;Анна;1052-09-20;да;1052-09-27;6;12000;В городе у меня пропала драгоценность. Нужно вернуть её как можно скорее. Проверьте все места, где она могла быть оставлена.
11171;Иван;1052-08-30;да;1052-09-11;8;12500;В лесу между городом и деревней были замечены разбойники. Нужно проучить их.
11172;Роман;1052-07-11;да;1052-09-08;6;9500;Недалеко от города у меня была украдена сумка с документами. Нужно найти её как можно скорее.
11173;Бабушка Синь;1051-02-18;да;1051-03-21;4;7500;По дороге из деревни встречаются звери. Нужно прогнать их. Будьте осторожны, так как звери могут быть опасными.
11174;Мария;1051-08-05;да;1051-09-17;2;15000;По дороге из деревни у меня потерялась драгоценность. Нужно вернуть её как можно скорее. Проверьте все места, где она могла быть оставлена.
11175;Влад;1053-08-19;да;1053-09-30;9;9500;По дороге из деревни заметили разбойников. Нужно убить их.
11176;Леонтия;1052-02-18;да;1052-04-08;3;18000;Недалеко от города разбойники нападают на людей. Нужно убить их.
11177;Влад;1053-05-16;да;1053-06-18;9;13500;В городе у меня была украдена драгоценность. Нужно вернуть её как можно скорее. Проверьте все места, где она могла быть оставлена.
11178;Бьянка;1051-04-01;да;1051-05-08;3;21000;В деревне у меня был украден рюкзак. Нужно найти его как можно скорее.
11179;Эмилио;1052-07-26;да;1052-09-04;5;26000;В пещере появвилось огромное каменное чудовище. Нужно убить его.
11180;Бьянка;1051-06-06;да;1051-07-30;10;5500;В деревне у меня пропал рюкзак. Нужно найти его как можно скорее.
11181;Надя;1053-01-11;да;1053-01-20;3;29000;Недалеко от города у меня пропала драгоценность. Нужно вернуть её как можно скорее.
11182;Чарли;1051-08-14;да;1051-09-26;5;13500;В городе у меня пропала драгоценность. Нужно вернуть её как можно скорее. Проверьте все места, где она могла быть оставлена.
11183;Бьянка;1051-04-24;да;1051-06-05;6;11000;В лесу около деревни были замечены разбойники. Нужно проучить их. Будьте осторожны, так как разбойники могут быть опасными.
11184;Максимилиан;1052-03-26;да;1052-05-21;2;15000;В пещере появвилось огромное каменное чудовище. Нужно убить его. Это может потребовать времени и усилий, так как огромное каменное чудовище очень опасен.
11185;Мария;1051-01-22;да;1051-01-25;1;23000;В лесу между городом и деревней монстры нападают на людей. Нужно уничтожить их.
11186;Бабушка Синь;1052-01-02;да;1052-01-14;1;10500;В пещере завёлся дракон. Нужно его уничтожить.
11187;Надя;1052-04-24;да;1052-06-18;7;15000;Недалеко от города у меня был украден рюкзак. Нужно вернуть его как можно скорее.
11188;Аделина;1053-09-19;да;1053-11-06;9;13000;В лесу недалеко от города заметили разбойников. Нужно убить их. Осмотрите все возможные укрытия, чтобы найти разбойников.
11189;Роман;1052-07-14;да;1052-08-20;8;24500;Недалеко от города заметили разбойников. Нужно прогнать их.
11190;Егор;1053-08-15;да;1053-09-03;1;25500;В лесу между городом и деревней были замечены разбойники. Нужно прогнать их. Будьте осторожны, так как разбойники могут быть опасными.
11191;Бабушка Синь;1052-07-09;да;1052-08-04;3;16000;В городе у меня пропал рюкзак. Нужно вернуть его как можно скорее. Проверьте все места, где он мог быть оставлен.
11192;Влад;1051-12-06;да;1052-01-22;6;7000;Недалеко от города заметили монстров. Нужно победить их.
11193;Бабушка Синь;1051-01-22;да;1051-02-17;3;21500;В лесу недалеко от города видели монстров. Нужно уничтожить их. Осмотрите все возможные укрытия, чтобы найти монстров.
11194;Татьяна;1052-09-07;да;1052-10-29;8;8500;В лесу по дороге от пещеры заметили разбойников. Нужно убить их.
11195;Бьянка;1051-07-31;да;1051-08-17;7;15000;В лесу между городом и деревней звери нападают на людей. Нужно прогнать их.
11196;Максимилиан;1052-07-22;да;1052-09-04;3;17000;Недалеко от города монстры похитили путников. Нужно спасти их. Осмотрите все возможные укрытия, чтобы найти похищенных.
11197;Бабушка Синь;1051-05-30;да;1051-07-06;7;20500;В пещере завёлся дракон. Нужно его уничтожить.
11198;Леонтия;1053-01-18;да;1053-01-23;3;28500;В лесу недалеко от города заметили разбойников. Нужно прогнать их. Осмотрите все возможные укрытия, чтобы найти разбойников.
11199;Олег;1051-02-28;да;1051-03-17;6;7000;В лесу около деревни заметили разбойников. Нужно убить их.
11200;Бабушка Синь;1053-02-26;да;1053-04-27;10;17000;В лесу между городом и деревней видели монстров. Нужно уничтожить их.
11201;Чарли;1052-11-23;да;1053-01-22;10;29000;В лесу около деревни были замечены разбойники. Нужно проучить их.
11202;Леонтия;1051-09-04;да;1051-09-08;2;5000;В лесу по дороге от пещеры заметили монстров. Нужно победить их. Осмотрите все возможные укрытия, чтобы найти монстров.
11203;Аделина;1052-06-03;да;1052-07-03;5;11500;По дороге из деревни монстры похитили путников. Нужно спасти их. Осмотрите все возможные укрытия, чтобы найти похищенных.
11204;Анна;1051-07-25;да;1051-09-16;5;5500;Недалеко от города у меня потерялась сумка с документами. Нужно найти её как можно скорее.
11205;Татьяна;1053-07-22;да;1053-08-13;10;25000;В лесу около деревни встречаются звери. Нужно убить их.
11206;Иван;1052-12-18;да;1052-12-25;1;9500;В городе у меня была украдена драгоценность. Нужно найти её как можно скорее.
11207;Максимилиан;1053-01-27;да;1053-02-21;7;17500;В лесу по дороге от пещеры встречаются звери. Нужно прогнать их. Будьте осторожны, так как звери могут быть опасными.
11208;Чарли;1053-09-10;да;1053-09-21;8;9500;В деревне монстры похитили путников. Нужно освободить их. Осмотрите все возможные укрытия, чтобы найти похищенных.
11209;Леонтия;1052-04-20;да;1052-05-23;2;21000;Недалеко от города заметили зверей. Нужно убить их.
11210;Эмилио;1052-12-14;да;1052-12-20;3;5500;В лесу недалеко от города заметили разбойников. Нужно убить их.
11211;Бьянка;1052-11-02;да;1052-12-13;8;22000;В пещере завёлся дракон. Нужно его уничтожить. Это может потребовать времени и усилий, так как дракон очень опасен.
11212;Анна;1051-04-15;да;1051-05-18;3;20500;По дороге из деревни у меня пропала драгоценность. Нужно найти её как можно скорее.
11213;Бабушка Синь;1051-08-16;да;1051-10-11;8;15000;В пещере появвилось огромное каменное чудовище. Нужно убить его.
11214;Татьяна;1053-03-07;да;1053-04-29;3;17000;По дороге из деревни у меня пропала сумка с документами. Нужно найти её как можно скорее. Проверьте все места, где она могла быть оставлена.
11215;Эмилио;1052-10-19;да;1052-11-05;9;29000;В деревне у меня была украдена сумка с документами. Нужно вернуть её как можно скорее. Проверьте все места, где она могла быть оставлена.
11216;Бабушка Синь;1051-02-18;да;1051-03-22;2;28000;Недалеко от города у меня пропала драгоценность. Нужно вернуть её как можно скорее. Проверьте все места, где она могла быть оставлена.
11217;Эмилио;1053-02-26;да;1053-03-12;5;7500;По дороге из деревни у меня была украдена драгоценность. Нужно найти её как можно скорее. Проверьте все места, где она могла быть оставлена.
11218;Олег;1053-10-01;нет;;;16000;Недалеко от города монстры похитили путников. Нужно спасти их. Осмотрите все возможные укрытия, чтобы найти похищенных.
11219;Егор;1052-08-04;да;1052-08-16;10;19500;Недалеко от города монстры похитили путников. Нужно освободить их. Осмотрите все возможные укрытия, чтобы найти похищенных.
11220;Влад;1052-11-25;да;1052-12-25;1;28000;В лесу недалеко от города встречаются звери. Нужно убить их.
11221;Иван;1052-04-12;да;1052-05-17;1;11500;Недалеко от города у меня потерялась сумка с документами. Нужно найти её как можно скорее. Проверьте все места, где она могла быть оставлена.
11222;Чарли;1052-08-14;да;1052-10-11;9;25500;В деревне у меня пропал рюкзак. Нужно вернуть его как можно скорее.
11223;Леонтия;1051-10-30;да;1051-11-02;2;6500;В лесу по дороге от пещеры видели монстров. Нужно победить их.
11224;Татьяна;1053-01-20;да;1053-01-29;5;12500;Недалеко от города у меня пропал рюкзак. Нужно найти его как можно скорее.
11225;Влад;1052-05-23;да;1052-07-05;9;29500;В пещере завёлся дракон. Нужно его уничтожить.
11226;Надя;1052-02-02;да;1052-02-24;5;16500;В лесу около деревни видели монстров. Нужно уничтожить их. Осмотрите все возможные укрытия, чтобы найти монстров.
11227;Леонтия;1051-08-18;да;1051-10-02;1;14500;В лесу около деревни заметили зверей. Нужно убить их.
11228;Егор;1051-04-24;да;1051-06-17;4;14000;Недалеко от города у меня пропала драгоценность. Нужно вернуть её как можно скорее. Проверьте все места, где она могла быть оставлена.
11229;Роман;1052-03-16;да;1052-03-31;4;11500;Недалеко от города разбойники нападают на людей. Нужно убить их. Будьте осторожны, так как разбойники могут быть опасными.
11230;Роман;1052-12-03;да;1052-12-20;7;10500;В городе у меня пропала драгоценность. Нужно найти её как можно скорее.
11231;Леонтия;1052-03-16;да;1052-03-20;3;22500;Недалеко от города заметили зверей. Нужно прогнать их.
11232;Бабушка Синь;1053-10-22;нет;;;17500;В деревне монстры похитили путников. Нужно спасти их.
11233;Максимилиан;1053-03-27;да;1053-05-01;7;24000;По дороге из деревни у меня пропал рюкзак. Нужно найти его как можно скорее.
11234;Олег;1053-10-24;нет;;;17000;В лесу по дороге от пещеры заметили разбойников. Нужно прогнать их.
11235;Егор;1051-07-29;да;1051-09-09;5;13500;В городе у меня потерялся рюкзак. Нужно вернуть его как можно скорее.
11236;Анна;1052-04-17;да;1052-05-31;9;26000;В лесу по дороге от пещеры заметили разбойников. Нужно проучить их.
11237;Эмилио;1051-05-23;да;1051-07-14;2;23000;В лесу недалеко от города звери нападают на людей. Нужно убить их.
11238;Эмилио;1051-03-19;да;1051-04-24;2;21000;В лесу по дороге от пещеры разбойники нападают на людей. Нужно прогнать их.
11239;Татьяна;1052-11-14;да;1052-11-20;1;9500;В лесу по дороге от пещеры звери нападают на людей. Нужно убить их. Осмотрите все возможные укрытия, чтобы найти зверей.
11240;Эмилио;1053-05-06;да;1053-06-23;7;15000;В лесу между городом и деревней разбойники нападают на людей. Нужно убить их. Осмотрите все возможные укрытия, чтобы найти разбойников.
11241;Максимилиан;1052-12-18;да;1053-01-28;4;15500;В городе монстры похитили путников. Нужно спасти их. Осмотрите все возможные укрытия, чтобы найти похищенных.
11242;Аделина;1051-04-13;да;1051-06-07;5;23000;Недалеко от города у меня пропала сумка с документами. Нужно вернуть её как можно скорее. Проверьте все места, где она могла быть оставлена.
11243;Иван;1052-11-22;да;1053-01-15;7;8000;В деревне у меня потерялся рюкзак. Нужно вернуть его как можно скорее.
11244;Эмилио;1053-08-18;да;1053-08-25;2;29000;В пещере завёлся дракон. Нужно его убить.
11245;Чарли;1053-07-08;да;1053-08-05;2;5500;В городе у меня потерялся рюкзак. Нужно найти его как можно скорее.
11246;Анна;1051-09-01;да;1051-10-16;6;8500;В пещере завёлся дракон. Нужно его убить.
11247;Роман;1052-07-16;да;1052-08-19;6;18500;В деревне монстры похитили путников. Нужно освободить их. Осмотрите все возможные укрытия, чтобы найти похищенных.
11248;Максимилиан;1052-07-30;да;1052-09-26;2;23000;В деревне монстры похитили путников. Нужно освободить их. Осмотрите все возможные укрытия, чтобы найти похищенных.
11249;Леонтия;1053-07-10;да;1053-08-25;1;14000;В деревне монстры похитили путников. Нужно спасти их.
11250;Егор;1052-06-28;да;1052-07-24;9;22000;В пещере появвилось огромное каменное чудовище. Нужно уничтожить его.
11251;Иван;1051-07-16;да;1051-09-12;3;23500;По дороге из деревни встречаются звери. Нужно убить их. Будьте осторожны, так как звери могут быть опасными.
11252;Олег;1051-10-25;да;1051-11-17;3;25000;По дороге из деревни монстры похитили путников. Нужно спасти их. Осмотрите все возможные укрытия, чтобы найти похищенных.
11253;Чарли;1051-11-13;да;1052-01-02;1;9000;Недалеко от города заметили зверей. Нужно убить их. Будьте осторожны, так как звери могут быть опасными.
11254;Аделина;1053-01-15;да;1053-02-11;9;24500;Недалеко от города звери нападают на людей. Нужно прогнать их.
11255;Максимилиан;1052-03-16;да;1052-04-09;7;9500;В пещере появвилось огромное каменное чудовище. Нужно убить его.
11256;Иван;1053-07-13;да;1053-08-30;10;21500;В пещере появвилось огромное каменное чудовище. Нужно уничтожить его.
11257;Эмилио;1053-01-25;да;1053-03-23;1;25500;В лесу по дороге от пещеры заметили монстров. Нужно победить их.
11258;Анна;1053-06-04;да;1053-08-02;9;18500;В лесу между городом и деревней заметили разбойников. Нужно убить их.
11259;Бабушка Синь;1052-03-02;да;1052-03-29;2;15000;В пещере появвилось огромное каменное чудовище. Нужно убить его.
11260;Бьянка;1052-05-08;да;1052-07-02;7;25500;В деревне монстры похитили путников. Нужно спасти их. Осмотрите все возможные укрытия, чтобы найти похищенных.
11261;Аделина;1051-10-03;да;1051-10-29;7;17000;Недалеко от города у меня пропала сумка с документами. Нужно вернуть её как можно скорее. Проверьте все места, где она могла быть оставлена.
11262;Аделина;1052-03-23;да;1052-04-06;10;10000;Недалеко от города встречаются звери. Нужно убить их.
11263;Бьянка;1051-06-11;да;1051-08-10;1;5000;В лесу недалеко от города были замечены разбойники. Нужно убить их.
11264;Чарли;1051-03-28;да;1051-05-10;4;29500;В лесу между городом и деревней заметили монстров. Нужно уничтожить их. Будьте осторожны, так как монстры могут быть опасными.
11265;Олег;1051-02-04;да;1051-03-22;1;11500;В пещере появвилось огромное каменное чудовище. Нужно убить его.
11266;Татьяна;1051-04-26;да;1051-06-20;9;6500;По дороге из деревни у меня был украден рюкзак. Нужно вернуть его как можно скорее.
11267;Влад;1053-03-09;да;1053-03-29;1;25500;По дороге из деревни монстры нападают на людей. Нужно уничтожить их.
11268;Роман;1053-07-17;да;1053-08-17;6;6000;В лесу недалеко от города разбойники нападают на людей. Нужно проучить их.
11269;Иван;1052-06-13;да;1052-08-02;5;6000;В деревне у меня потерялась сумка с документами. Нужно вернуть её как можно скорее. Проверьте все места, где она могла быть оставлена.
11270;Бьянка;1051-10-29;да;1051-11-10;2;20000;В пещере завёлся дракон. Нужно его уничтожить. Это может потребовать времени и усилий, так как дракон очень опасен.
11271;Егор;1053-06-25;да;1053-08-09;8;12500;Недалеко от города видели монстров. Нужно победить их.
11272;Надя;1052-08-24;да;1052-10-05;7;5500;В пещере завёлся дракон. Нужно его убить.
11273;Надя;1053-05-02;да;1053-06-14;6;8000;По дороге из деревни у меня пропал рюкзак. Нужно найти его как можно скорее.
11274;Анна;1051-04-13;да;1051-04-23;8;16000;В городе монстры похитили путников. Нужно освободить их. Осмотрите все возможные укрытия, чтобы найти похищенных.
11275;Татьяна;1051-11-22;да;1052-01-01;7;22500;В пещере появвилось огромное каменное чудовище. Нужно убить его.
11276;Надя;1051-07-15;да;1051-08-11;4;13500;В деревне монстры похитили путников. Нужно освободить их.
11277;Иван;1051-08-05;да;1051-09-15;10;5500;В пещере завёлся дракон. Нужно его убить.
11278;Аделина;1051-05-09;да;1051-07-03;4;29500;В деревне у меня пропала сумка с документами. Нужно вернуть её как можно скорее.
11279;Аделина;1051-05-05;да;1051-06-01;10;24500;В пещере появвилось огромное каменное чудовище. Нужно убить его.
11280;Надя;1052-10-13;да;1052-10-26;1;24500;В лесу по дороге от пещеры монстры нападают на людей. Нужно уничтожить их.
11281;Эмилио;1052-02-04;да;1052-02-29;6;25500;В городе монстры похитили путников. Нужно спасти их. Осмотрите все возможные укрытия, чтобы найти похищенных.
11282;Леонтия;1053-06-10;да;1053-08-05;2;10500;В городе у меня потерялась сумка с документами. Нужно вернуть её как можно скорее.
11283;Леонтия;1052-12-31;да;1053-02-09;5;6500;В пещере появвилось огромное каменное чудовище. Нужно уничтожить его. Это может потребовать времени и усилий, так как огромное каменное чудовище очень опасен.
11284;Эмилио;1051-05-13;да;1051-05-18;2;10500;В деревне у меня был украден рюкзак. Нужно найти его как можно скорее. Проверьте все места, где он мог быть оставлен.
11285;Чарли;1053-09-30;нет;;;5000;В городе у меня потерялся рюкзак. Нужно найти его как можно скорее.
11286;Татьяна;1053-08-29;да;1053-09-11;8;26000;В городе у меня пропала драгоценность. Нужно найти её как можно скорее. Проверьте все места, где она могла быть оставлена.
11287;Эмилио;1052-04-20;да;1052-06-16;2;15000;По дороге из деревни монстры похитили путников. Нужно освободить их.
11288;Аделина;1053-04-03;да;1053-06-01;3;10000;В городе монстры похитили путников. Нужно освободить их. Осмотрите все возможные укрытия, чтобы найти похищенных.
11289;Егор;1051-08-08;да;1051-08-12;1;14000;Недалеко от города монстры похитили путников. Нужно освободить их. Осмотрите все возможные укрытия, чтобы найти похищенных.
11290;Роман;1053-04-22;да;1053-06-18;1;29000;В городе у меня была украдена драгоценность. Нужно найти её как можно скорее.
11291;Чарли;1051-04-30;да;1051-05-05;3;15000;По дороге из деревни у меня потерялась драгоценность. Нужно найти её как можно скорее.
11292;Иван;1053-08-10;да;1053-09-10;7;19000;В деревне у меня пропала драгоценность. Нужно вернуть её как можно скорее.
11293;Татьяна;1052-09-17;да;1052-10-09;5;15000;Недалеко от города звери нападают на людей. Нужно убить их.
11294;Иван;1051-03-05;да;1051-04-20;7;28500;В лесу недалеко от города были замечены разбойники. Нужно проучить их. Осмотрите все возможные укрытия, чтобы найти разбойников.
11295;Чарли;1052-11-23;да;1053-01-16;7;15500;В пещере завёлся дракон. Нужно его уничтожить.
11296;Роман;1051-02-20;да;1051-03-19;4;20500;По дороге из деревни заметили разбойников. Нужно проучить их.
11297;Анна;1052-02-10;да;1052-02-26;6;14500;В деревне у меня пропала сумка с документами. Нужно найти её как можно скорее. Проверьте все места, где она могла быть оставлена.
11298;Чарли;1052-08-09;да;1052-08-30;3;5500;В деревне монстры похитили путников. Нужно освободить их.
11299;Леонтия;1053-03-08;да;1053-04-29;4;17000;Недалеко от города у меня потерялся рюкзак. Нужно вернуть его как можно скорее.
11300;Влад;1053-06-28;да;1053-08-13;1;11000;В лесу между городом и деревней видели монстров. Нужно победить их.
11301;Анна;1051-03-23;да;1051-03-31;5;16000;В пещере завёлся дракон. Нужно его убить.
11302;Надя;1053-06-27;да;1053-08-13;7;5000;В лесу между городом и деревней заметили разбойников. Нужно прогнать их.
11303;Надя;1051-04-19;да;1051-05-01;5;9000;В пещере завёлся дракон. Нужно его уничтожить.
11304;Роман;1052-11-21;да;1053-01-06;6;22000;В лесу между городом и деревней заметили разбойников. Нужно проучить их.
11305;Олег;1051-06-10;да;1051-06-21;4;9500;По дороге из деревни разбойники нападают на людей. Нужно прогнать их.
11306;Олег;1053-11-15;нет;;;17000;В деревне монстры похитили путников. Нужно спасти их. Осмотрите все возможные укрытия, чтобы найти похищенных.
11307;Влад;1051-01-22;да;1051-02-12;8;10500;Недалеко от города монстры похитили путников. Нужно спасти их. Осмотрите все возможные укрытия, чтобы найти похищенных.
11308;Анна;1053-05-09;да;1053-05-27;6;29500;В деревне у меня пропал рюкзак. Нужно вернуть его как можно скорее.
11309;Эмилио;1053-05-16;да;1053-06-16;5;26000;В городе у меня потерялась сумка с документами. Нужно вернуть её как можно скорее.
11310;Надя;1053-09-24;нет;;;5000;По дороге из деревни монстры похитили путников. Нужно спасти их. Осмотрите все возможные укрытия, чтобы найти похищенных.
11311;Бабушка Синь;1053-09-20;нет;;;19000;По дороге из деревни у меня была украдена драгоценность. Нужно вернуть её как можно скорее.
11312;Чарли;1052-07-09;да;1052-08-22;8;8000;В пещере завёлся дракон. Нужно его уничтожить.
11313;Влад;1052-05-10;да;1052-06-16;10;12000;В лесу по дороге от пещеры заметили зверей. Нужно убить их. Будьте осторожны, так как звери могут быть опасными.
11314;Максимилиан;1051-05-26;да;1051-06-13;8;13000;Недалеко от города у меня пропала драгоценность. Нужно вернуть её как можно скорее.
11315;Мария;1052-02-11;да;1052-04-11;6;7500;В деревне у меня была украдена драгоценность. Нужно найти её как можно скорее.
11316;Максимилиан;1051-08-14;да;1051-10-10;8;18500;Недалеко от города у меня потерялась драгоценность. Нужно вернуть её как можно скорее. Проверьте все места, где она могла быть оставлена.
11317;Роман;1052-12-20;да;1053-01-14;8;21500;Недалеко от города у меня был украден рюкзак. Нужно вернуть его как можно скорее. Проверьте все места, где он мог быть оставлен.
11318;Чарли;1051-01-03;да;1051-02-12;4;25500;В лесу недалеко от города звери нападают на людей. Нужно убить их.
11319;Мария;1052-04-17;да;1052-06-09;4;22000;Недалеко от города встречаются звери. Нужно убить их.
11320;Максимилиан;1053-05-08;да;1053-06-17;6;29000;По дороге из деревни у меня была украдена драгоценность. Нужно вернуть её как можно скорее.
11321;Егор;1053-07-01;да;1053-07-05;1;28000;В деревне монстры похитили путников. Нужно спасти их. Осмотрите все возможные укрытия, чтобы найти похищенных.
11322;Роман;1053-09-29;да;1053-10-26;10;8000;Недалеко от города у меня потерялась сумка с документами. Нужно вернуть её как можно скорее.
11323;Максимилиан;1052-12-07;да;1052-12-11;3;19000;В пещере завёлся дракон. Нужно его убить. Это может потребовать времени и усилий, так как дракон очень опасен.
11324;Эмилио;1051-04-16;да;1051-04-19;1;23500;В городе монстры похитили путников. Нужно освободить их. Осмотрите все возможные укрытия, чтобы найти похищенных.
11325;Аделина;1052-02-27;да;1052-03-08;3;26500;По дороге из деревни у меня был украден рюкзак. Нужно вернуть его как можно скорее.
11326;Егор;1052-07-05;да;1052-08-27;1;5000;Недалеко от города у меня потерялась сумка с документами. Нужно найти её как можно скорее.
11327;Роман;1052-09-04;да;1052-09-07;1;14500;По дороге из деревни у меня потерялась драгоценность. Нужно найти её как можно скорее. Проверьте все места, где она могла быть оставлена.
11328;Бьянка;1051-12-15;да;1052-01-14;2;22000;Недалеко от города у меня был украден рюкзак. Нужно вернуть его как можно скорее.
11329;Бьянка;1053-06-19;да;1053-08-04;1;22500;Недалеко от города у меня был украден рюкзак. Нужно найти его как можно скорее.
11330;Максимилиан;1053-05-08;да;1053-06-26;1;26000;По дороге из деревни у меня пропала драгоценность. Нужно вернуть её как можно скорее.
11331;Иван;1052-06-04;да;1052-07-26;2;6500;В пещере завёлся дракон. Нужно его уничтожить.
11332;Бабушка Синь;1051-05-27;да;1051-06-10;7;11500;В городе у меня был украден рюкзак. Нужно найти его как можно скорее.
11333;Аделина;1052-02-04;да;1052-03-28;8;17500;По дороге из деревни звери нападают на людей. Нужно убить их.
11334;Эмилио;1051-06-14;да;1051-08-03;7;14000;Недалеко от города были замечены разбойники. Нужно убить их. Будьте осторожны, так как разбойники могут быть опасными.
11335;Бабушка Синь;1051-09-02;да;1051-10-21;9;14000;В лесу между городом и деревней были замечены разбойники. Нужно прогнать их. Осмотрите все возможные укрытия, чтобы найти разбойников.
11336;Надя;1052-04-21;да;1052-06-12;2;29000;В деревне монстры похитили путников. Нужно освободить их.
11337;Егор;1052-01-11;да;1052-02-08;1;8000;В пещере появвилось огромное каменное чудовище. Нужно убить его. Это может потребовать времени и усилий, так как огромное каменное чудовище очень опасен.
11338;Татьяна;1052-10-16;да;1052-12-13;9;17000;В городе у меня пропал рюкзак. Нужно вернуть его как можно скорее.
11339;Леонтия;1051-11-20;да;1051-12-18;8;10000;В пещере завёлся дракон. Нужно его убить.
11340;Влад;1052-10-20;да;1052-11-05;9;25000;В городе у меня пропала драгоценность. Нужно найти её как можно скорее.
11341;Бабушка Синь;1051-05-01;да;1051-05-11;4;11000;Недалеко от города монстры похитили путников. Нужно освободить их. Осмотрите все возможные укрытия, чтобы найти похищенных.
11342;Бабушка Синь;1051-01-20;да;1051-02-18;6;7500;По дороге из деревни звери нападают на людей. Нужно убить их.
11343;Надя;1051-04-25;да;1051-06-16;8;26000;В пещере завёлся дракон. Нужно его уничтожить. Это может потребовать времени и усилий, так как дракон очень опасен.
11344;Бьянка;1051-08-24;да;1051-09-13;5;26500;Недалеко от города у меня был украден рюкзак. Нужно найти его как можно скорее.
11345;Мария;1053-11-22;да;1053-11-25;2;9500;В пещере появвилось огромное каменное чудовище. Нужно убить его. Это может потребовать времени и усилий, так как огромное каменное чудовище очень опасен.
11346;Роман;1051-10-12;да;1051-10-18;3;27000;В пещере завёлся дракон. Нужно его уничтожить. Это может потребовать времени и усилий, так как дракон очень опасен.
11347;Чарли;1052-12-09;да;1052-12-26;5;28000;В пещере появвилось огромное каменное чудовище. Нужно убить его.
11348;Бьянка;1051-05-29;да;1051-07-17;6;27000;В пещере появвилось огромное каменное чудовище. Нужно убить его.
11349;Леонтия;1051-11-30;да;1051-12-07;5;29500;В лесу около деревни видели монстров. Нужно уничтожить их.
11350;Олег;1051-05-25;да;1051-05-29;3;16000;В лесу по дороге от пещеры заметили монстров. Нужно победить их.
11351;Мария;1051-04-06;да;1051-05-11;1;13500;В лесу по дороге от пещеры звери нападают на людей. Нужно прогнать их. Осмотрите все возможные укрытия, чтобы найти зверей.
11352;Иван;1053-05-07;да;1053-06-01;8;5000;В деревне у меня был украден рюкзак. Нужно вернуть его как можно скорее.
11353;Влад;1051-12-20;да;1051-12-29;6;21500;Недалеко от города заметили разбойников. Нужно прогнать их.
11354;Аделина;1051-10-02;да;1051-11-17;6;28500;В городе у меня пропала драгоценность. Нужно вернуть её как можно скорее.
11355;Мария;1052-05-12;да;1052-06-27;8;17000;В пещере появвилось огромное каменное чудовище. Нужно уничтожить его.
11356;Бьянка;1051-10-13;да;1051-12-02;9;9000;По дороге из деревни монстры похитили путников. Нужно освободить их.
11357;Егор;1052-04-06;да;1052-05-11;9;5500;В пещере завёлся дракон. Нужно его убить. Это может потребовать времени и усилий, так как дракон очень опасен.
11358;Егор;1051-02-15;да;1051-03-16;4;8500;В пещере завёлся дракон. Нужно его уничтожить.
11359;Влад;1051-08-07;да;1051-09-11;7;16000;Недалеко от города у меня пропал рюкзак. Нужно найти его как можно скорее. Проверьте все места, где он мог быть оставлен.
11360;Иван;1051-09-06;да;1051-09-09;2;28000;Недалеко от города монстры похитили путников. Нужно спасти их. Осмотрите все возможные укрытия, чтобы найти похищенных.
11361;Роман;1052-05-21;да;1052-06-26;1;17500;В деревне у меня потерялась сумка с документами. Нужно вернуть её как можно скорее.
11362;Леонтия;1052-03-07;да;1052-03-27;1;22500;По дороге из деревни монстры похитили путников. Нужно спасти их. Осмотрите все возможные укрытия, чтобы найти похищенных.
11363;Бьянка;1052-12-10;да;1052-12-14;3;16500;В пещере завёлся дракон. Нужно его убить.
11364;Аделина;1051-09-08;да;1051-10-29;8;25000;В лесу по дороге от пещеры звери нападают на людей. Нужно прогнать их. Будьте осторожны, так как звери могут быть опасными.
11365;Анна;1053-03-23;да;1053-05-08;8;9500;В лесу по дороге от пещеры заметили зверей. Нужно прогнать их. Будьте осторожны, так как звери могут быть опасными.
11366;Надя;1052-12-15;да;1053-02-09;9;13000;В лесу недалеко от города видели монстров. Нужно уничтожить их.
11367;Анна;1053-06-11;да;1053-07-16;3;7000;В пещере появвилось огромное каменное чудовище. Нужно уничтожить его.
11368;Максимилиан;1051-11-29;да;1052-01-23;10;25500;Недалеко от города у меня была украдена сумка с документами. Нужно найти её как можно скорее. Проверьте все места, где она могла быть оставлена.
11369;Олег;1051-10-03;да;1051-10-25;5;5500;В пещере завёлся дракон. Нужно его уничтожить.
11370;Олег;1051-12-19;да;1052-01-08;6;5000;Недалеко от города у меня потерялся рюкзак. Нужно найти его как можно скорее.
11371;Роман;1052-08-07;да;1052-08-22;5;10000;В лесу около деревни заметили зверей. Нужно прогнать их. Осмотрите все возможные укрытия, чтобы найти зверей.
11372;Аделина;1052-08-27;да;1052-10-25;9;27500;В лесу недалеко от города заметили монстров. Нужно уничтожить их.
11373;Бьянка;1052-11-01;да;1052-12-31;7;18500;В пещере завёлся дракон. Нужно его уничтожить. Это может потребовать времени и усилий, так как дракон очень опасен.
11374;Надя;1052-08-20;да;1052-09-09;4;12500;В лесу недалеко от города заметили монстров. Нужно победить их. Будьте осторожны, так как монстры могут быть опасными.
11375;Эмилио;1053-06-14;да;1053-07-02;8;8500;В пещере появвилось огромное каменное чудовище. Нужно убить его.
11376;Надя;1053-07-07;да;1053-08-28;3;12500;По дороге из деревни монстры похитили путников. Нужно спасти их.
11377;Эмилио;1051-11-19;да;1051-12-06;9;27500;В деревне у меня была украдена сумка с документами. Нужно вернуть её как можно скорее.
11378;Бабушка Синь;1052-05-15;да;1052-06-15;3;8500;Недалеко от города разбойники нападают на людей. Нужно прогнать их.
11379;Чарли;1051-11-12;да;1051-12-24;9;26000;По дороге из деревни монстры похитили путников. Нужно освободить их.
11380;Влад;1052-07-08;да;1052-07-26;10;8500;По дороге из деревни у меня пропала сумка с документами. Нужно вернуть её как можно скорее.
11381;Егор;1053-09-20;нет;;;7000;В пещере появвилось огромное каменное чудовище. Нужно убить его.
11382;Бабушка Синь;1052-02-26;да;1052-04-02;4;21500;В лесу около деревни встречаются звери. Нужно убить их.
11383;Леонтия;1051-08-03;да;1051-08-29;2;6500;В деревне монстры похитили путников. Нужно спасти их. Осмотрите все возможные укрытия, чтобы найти похищенных.
11384;Влад;1052-03-03;да;1052-04-25;1;13000;Недалеко от города у меня была украдена сумка с документами. Нужно вернуть её как можно скорее. Проверьте все места, где она могла быть оставлена.
11385;Бьянка;1053-05-07;да;1053-07-03;4;28000;В деревне у меня был украден рюкзак. Нужно вернуть его как можно скорее.
11386;Чарли;1051-11-05;да;1051-11-15;2;29500;В городе у меня была украдена драгоценность. Нужно вернуть её как можно скорее.
11387;Татьяна;1053-10-13;нет;;;6500;Недалеко от города у меня пропала драгоценность. Нужно вернуть её как можно скорее.
11388;Бабушка Синь;1052-01-16;да;1052-02-09;6;13500;В лесу около деревни встречаются звери. Нужно прогнать их.
11389;Олег;1052-12-06;да;1053-01-24;8;15000;В пещере завёлся дракон. Нужно его убить. Это может потребовать времени и усилий, так как дракон очень опасен.
11390;Егор;1053-10-15;да;1053-10-19;2;22500;В пещере появвилось огромное каменное чудовище. Нужно уничтожить его.
11391;Мария;1053-01-08;да;1053-02-09;8;27500;Недалеко от города монстры похитили путников. Нужно спасти их. Осмотрите все возможные укрытия, чтобы найти похищенных.
11392;Татьяна;1051-04-04;да;1051-05-25;5;11000;В пещере завёлся дракон. Нужно его убить.
11393;Максимилиан;1053-08-07;да;1053-09-12;3;12000;По дороге из деревни монстры похитили путников. Нужно освободить их.
11394;Иван;1053-09-17;да;1053-11-02;6;16500;В пещере появвилось огромное каменное чудовище. Нужно убить его. Это может потребовать времени и усилий, так как огромное каменное чудовище очень опасен.
11395;Чарли;1051-02-17;да;1051-04-02;2;24500;В лесу недалеко от города были замечены разбойники. Нужно проучить их.
11396;Анна;1053-10-31;нет;;;23000;В лесу недалеко от города заметили зверей. Нужно убить их.
11397;Леонтия;1052-12-17;да;1053-01-28;7;15000;По дороге из деревни монстры похитили путников. Нужно спасти их.
11398;Анна;1052-09-03;да;1052-10-22;10;12000;В лесу между городом и деревней заметили разбойников. Нужно прогнать их. Осмотрите все возможные укрытия, чтобы найти разбойников.
11399;Бабушка Синь;1052-11-19;да;1052-12-01;5;6000;В пещере завёлся дракон. Нужно его уничтожить.
11400;Леонтия;1052-09-24;да;1052-10-05;4;5000;В пещере появвилось огромное каменное чудовище. Нужно уничтожить его.
11401;Бабушка Синь;1051-01-28;да;1051-03-07;8;17000;В городе монстры похитили путников. Нужно освободить их. Осмотрите все возможные укрытия, чтобы найти похищенных.
11402;Егор;1053-11-12;нет;;;12000;По дороге из деревни у меня потерялась драгоценность. Нужно вернуть её как можно скорее.
11403;Чарли;1052-02-28;да;1052-03-14;9;18500;В деревне у меня был украден рюкзак. Нужно вернуть его как можно скорее.
11404;Олег;1053-04-15;да;1053-05-28;3;29500;В лесу по дороге от пещеры монстры нападают на людей. Нужно победить их.
11405;Бабушка Синь;1052-01-12;да;1052-02-15;2;17000;В пещере появвилось огромное каменное чудовище. Нужно убить его.
11406;Аделина;1051-04-21;да;1051-06-14;3;21500;Недалеко от города заметили зверей. Нужно убить их.
11407;Эмилио;1051-12-16;да;1051-12-31;7;19000;В городе у меня пропал рюкзак. Нужно найти его как можно скорее.
11408;Леонтия;1051-05-29;да;1051-06-11;5;28000;В пещере завёлся дракон. Нужно его убить.
11409;Надя;1051-12-07;да;1051-12-26;7;16000;В лесу по дороге от пещеры звери нападают на людей. Нужно прогнать их.
11410;Егор;1051-04-22;да;1051-05-24;9;27500;В деревне у меня была украдена драгоценность. Нужно найти её как можно скорее. Проверьте все места, где она могла быть оставлена.
11411;Анна;1051-03-23;да;1051-05-15;4;26000;Недалеко от города у меня пропал рюкзак. Нужно вернуть его как можно скорее. Проверьте все места, где он мог быть оставлен.
11412;Роман;1053-01-27;да;1053-03-13;4;9500;В пещере завёлся дракон. Нужно его уничтожить.
11413;Роман;1052-08-06;да;1052-08-10;1;7500;Недалеко от города у меня пропала сумка с документами. Нужно вернуть её как можно скорее.
11414;Влад;1052-11-15;да;1052-12-18;4;9000;Недалеко от города у меня был украден рюкзак. Нужно найти его как можно скорее. Проверьте все места, где он мог быть оставлен.
11415;Максимилиан;1052-09-04;да;1052-10-11;6;11000;По дороге из деревни у меня потерялась драгоценность. Нужно найти её как можно скорее.
11416;Иван;1053-07-25;да;1053-08-25;7;19000;В лесу около деревни заметили зверей. Нужно прогнать их.
11417;Леонтия;1053-09-22;нет;;;20500;Недалеко от города у меня была украдена драгоценность. Нужно найти её как можно скорее.
11418;Эмилио;1053-07-21;да;1053-08-28;6;25000;В лесу между городом и деревней монстры нападают на людей. Нужно уничтожить их.
11419;Аделина;1051-04-10;да;1051-05-22;9;22000;В лесу недалеко от города видели монстров. Нужно уничтожить их.
11420;Иван;1053-06-18;да;1053-08-14;5;7000;В лесу между городом и деревней разбойники нападают на людей. Нужно проучить их.
11421;Аделина;1053-03-15;да;1053-05-09;10;19500;В деревне у меня потерялась сумка с документами. Нужно найти её как можно скорее.
11422;Эмилио;1052-07-19;да;1052-08-11;8;27500;Недалеко от города у меня пропал рюкзак. Нужно найти его как можно скорее.
11423;Аделина;1051-05-09;да;1051-05-17;2;28000;По дороге из деревни у меня был украден рюкзак. Нужно найти его как можно скорее.
11424;Аделина;1051-03-02;да;1051-03-29;5;9500;В лесу около деревни монстры нападают на людей. Нужно уничтожить их.
11425;Мария;1051-04-27;да;1051-05-29;1;7500;По дороге из деревни были замечены разбойники. Нужно убить их.
11426;Леонтия;1053-05-24;да;1053-05-31;4;7500;В городе у меня пропала драгоценность. Нужно вернуть её как можно скорее. Проверьте все места, где она могла быть оставлена.
11427;Татьяна;1053-06-02;да;1053-07-12;10;5000;В лесу между городом и деревней разбойники нападают на людей. Нужно прогнать их.
11428;Эмилио;1053-11-04;нет;;;12500;В лесу около деревни звери нападают на людей. Нужно прогнать их.
11429;Роман;1053-10-09;да;1053-12-05;1;29500;В городе у меня была украдена сумка с документами. Нужно найти её как можно скорее. Проверьте все места, где она могла быть оставлена.
11430;Татьяна;1053-08-13;да;1053-09-21;9;25000;В городе у меня потерялась сумка с документами. Нужно найти её как можно скорее. Проверьте все места, где она могла быть оставлена.
11431;Максимилиан;1051-07-15;да;1051-08-21;9;14000;В лесу около деревни видели монстров. Нужно победить их. Будьте осторожны, так как монстры могут быть опасными.
11432;Чарли;1052-12-09;да;1052-12-23;9;25500;По дороге из деревни были замечены разбойники. Нужно проучить их. Будьте осторожны, так как разбойники могут быть опасными.
11433;Леонтия;1053-05-03;да;1053-05-21;8;9500;В городе у меня пропал рюкзак. Нужно вернуть его как можно скорее.
11434;Эмилио;1053-03-24;да;1053-04-03;8;23000;В городе у меня пропала сумка с документами. Нужно вернуть её как можно скорее. Проверьте все места, где она могла быть оставлена.
11435;Эмилио;1052-12-17;да;1053-01-09;7;5500;Недалеко от города у меня была украдена сумка с документами. Нужно найти её как можно скорее.
11436;Егор;1052-12-19;да;1052-12-31;7;28000;В лесу недалеко от города заметили монстров. Нужно победить их. Осмотрите все возможные укрытия, чтобы найти монстров.
11437;Мария;1052-05-24;да;1052-06-09;8;21000;В пещере завёлся дракон. Нужно его уничтожить.
11438;Влад;1053-11-19;нет;;;11000;В городе у меня пропала драгоценность. Нужно вернуть её как можно скорее. Проверьте все места, где она могла быть оставлена.
11439;Иван;1051-08-05;да;1051-09-16;9;18000;По дороге из деревни у меня была украдена сумка с документами. Нужно найти её как можно скорее.
11440;Мария;1051-10-06;да;1051-10-28;5;28500;Недалеко от города заметили разбойников. Нужно проучить их.
11441;Анна;1053-01-07;да;1053-02-18;10;7000;В лесу недалеко от города видели монстров. Нужно победить их.
11442;Мария;1052-11-17;да;1053-01-16;3;28000;Недалеко от города монстры похитили путников. Нужно спасти их. Осмотрите все возможные укрытия, чтобы найти похищенных.
11443;Мария;1051-12-17;да;1052-02-12;5;16500;По дороге из деревни заметили зверей. Нужно прогнать их.
11444;Аделина;1052-04-11;да;1052-06-01;10;16500;В пещере появвилось огромное каменное чудовище. Нужно убить его.
11445;Аделина;1051-10-28;да;1051-12-20;7;28500;Недалеко от города у меня пропала драгоценность. Нужно вернуть её как можно скорее.
11446;Роман;1053-09-03;да;1053-09-06;2;12500;По дороге из деревни монстры похитили путников. Нужно спасти их.
11447;Бьянка;1053-09-09;да;1053-09-17;1;5000;В деревне монстры похитили путников. Нужно освободить их.
11448;Мария;1051-08-16;да;1051-08-30;3;18000;В лесу недалеко от города монстры нападают на людей. Нужно победить их. Осмотрите все возможные укрытия, чтобы найти монстров.
11449;Егор;1052-01-31;да;1052-03-17;9;22000;В городе у меня потерялась сумка с документами. Нужно найти её как можно скорее.
11450;Егор;1051-03-10;да;1051-04-26;9;21500;В деревне у меня потерялась сумка с документами. Нужно найти её как можно скорее.
11451;Роман;1051-02-12;да;1051-02-27;8;8000;По дороге из деревни монстры похитили путников. Нужно освободить их.
11452;Иван;1051-03-14;да;1051-04-17;3;9000;В пещере появвилось огромное каменное чудовище. Нужно убить его.
11453;Егор;1051-04-28;да;1051-06-18;7;27000;В городе монстры похитили путников. Нужно спасти их. Осмотрите все возможные укрытия, чтобы найти похищенных.
11454;Олег;1052-08-25;да;1052-09-14;6;5500;По дороге из деревни у меня пропала сумка с документами. Нужно найти её как можно скорее. Проверьте все места, где она могла быть оставлена.
11455;Роман;1053-04-23;да;1053-05-27;2;14500;В деревне у меня был украден рюкзак. Нужно найти его как можно скорее.
11456;Анна;1052-10-07;да;1052-11-02;7;10000;В городе у меня была украдена сумка с документами. Нужно вернуть её как можно скорее.
11457;Олег;1053-03-09;да;1053-04-29;3;12500;В городе у меня потерялся рюкзак. Нужно вернуть его как можно скорее. Проверьте все места, где он мог быть оставлен.
11458;Максимилиан;1052-12-30;да;1053-01-02;2;28500;В лесу между городом и деревней заметили разбойников. Нужно убить их. Будьте осторожны, так как разбойники могут быть опасными.
11459;Бабушка Синь;1051-04-29;да;1051-06-27;5;6500;В лесу недалеко от города заметили разбойников. Нужно убить их.
11460;Анна;1052-09-05;да;1052-09-11;3;27000;В городе монстры похитили путников. Нужно освободить их. Осмотрите все возможные укрытия, чтобы найти похищенных.
11461;Роман;1051-05-17;да;1051-06-11;2;28000;В городе у меня пропал рюкзак. Нужно найти его как можно скорее.
11462;Егор;1053-11-22;нет;;;19500;В городе монстры похитили путников. Нужно освободить их. Осмотрите все возможные укрытия, чтобы найти похищенных.
11463;Влад;1052-09-18;да;1052-10-04;1;11500;В пещере появвилось огромное каменное чудовище. Нужно убить его.
11464;Влад;1053-01-21;да;1053-03-19;4;6000;В городе у меня потерялась сумка с документами. Нужно вернуть её как можно скорее. Проверьте все места, где она могла быть оставлена.
11465;Надя;1052-05-22;да;1052-06-10;10;28000;Недалеко от города разбойники нападают на людей. Нужно убить их.
11466;Олег;1051-06-03;да;1051-07-28;10;25500;В лесу по дороге от пещеры видели монстров. Нужно уничтожить их.
11467;Эмилио;1052-06-17;да;1052-06-29;7;18500;В лесу около деревни монстры нападают на людей. Нужно уничтожить их. Будьте осторожны, так как монстры могут быть опасными.
11468;Роман;1053-08-24;да;1053-09-16;5;7500;По дороге из деревни у меня была украдена драгоценность. Нужно найти её как можно скорее.
11469;Эмилио;1053-01-01;да;1053-01-22;5;13500;По дороге из деревни монстры нападают на людей. Нужно уничтожить их. Будьте осторожны, так как монстры могут быть опасными.
11470;Иван;1053-06-16;да;1053-07-04;1;13000;По дороге из деревни у меня пропала драгоценность. Нужно найти её как можно скорее.
11471;Роман;1053-01-15;да;1053-03-04;2;18000;В пещере завёлся дракон. Нужно его уничтожить. Это может потребовать времени и усилий, так как дракон очень опасен.
11472;Бьянка;1051-03-23;да;1051-04-21;10;9000;В деревне монстры похитили путников. Нужно освободить их.
11473;Чарли;1053-11-05;да;1053-11-21;2;13500;В деревне у меня была украдена сумка с документами. Нужно вернуть её как можно скорее.
11474;Эмилио;1053-03-21;да;1053-04-16;2;6000;Недалеко от города монстры похитили путников. Нужно освободить их. Осмотрите все возможные укрытия, чтобы найти похищенных.
11475;Олег;1053-08-19;да;1053-10-18;2;20000;В пещере завёлся дракон. Нужно его уничтожить. Это может потребовать времени и усилий, так как дракон очень опасен.
11476;Аделина;1052-01-01;да;1052-01-07;3;10000;По дороге из деревни звери нападают на людей. Нужно прогнать их. Будьте осторожны, так как звери могут быть опасными.
11477;Влад;1052-05-09;да;1052-05-16;1;24000;Недалеко от города у меня потерялась драгоценность. Нужно найти её как можно скорее.
11478;Чарли;1052-11-16;да;1052-11-27;10;24000;В пещере завёлся дракон. Нужно его уничтожить. Это может потребовать времени и усилий, так как дракон очень опасен.
11479;Иван;1051-12-16;да;1052-02-04;1;20500;В деревне у меня пропала драгоценность. Нужно найти её как можно скорее. Проверьте все места, где она могла быть оставлена.
11480;Влад;1052-04-07;да;1052-05-11;2;16500;В городе у меня потерялась драгоценность. Нужно найти её как можно скорее.
11481;Егор;1051-12-24;да;1052-01-06;3;27500;В городе у меня потерялась драгоценность. Нужно вернуть её как можно скорее.
11482;Иван;1051-10-23;да;1051-11-02;2;18000;В лесу около деревни видели монстров. Нужно уничтожить их. Будьте осторожны, так как монстры могут быть опасными.
11483;Чарли;1053-07-15;да;1053-08-09;5;24500;В пещере завёлся дракон. Нужно его убить. Это может потребовать времени и усилий, так как дракон очень опасен.
11484;Анна;1052-06-26;да;1052-07-16;1;29000;В лесу по дороге от пещеры разбойники нападают на людей. Нужно проучить их.
11485;Олег;1051-08-13;да;1051-08-29;2;23500;В деревне у меня был украден рюкзак. Нужно вернуть его как можно скорее.
11486;Чарли;1052-03-30;да;1052-04-13;6;7000;В деревне у меня пропал рюкзак. Нужно вернуть его как можно скорее.
11487;Максимилиан;1051-02-16;да;1051-03-30;3;17500;По дороге из деревни заметили разбойников. Нужно прогнать их. Будьте осторожны, так как разбойники могут быть опасными.
11488;Максимилиан;1052-12-17;да;1053-02-13;4;20500;В лесу по дороге от пещеры встречаются звери. Нужно прогнать их. Осмотрите все возможные укрытия, чтобы найти зверей.
11489;Анна;1053-07-03;да;1053-08-18;7;15000;По дороге из деревни монстры похитили путников. Нужно спасти их.
11490;Анна;1052-04-07;да;1052-04-24;1;26500;В лесу по дороге от пещеры видели монстров. Нужно уничтожить их.
11491;Роман;1053-05-13;да;1053-07-11;1;9000;В пещере появвилось огромное каменное чудовище. Нужно уничтожить его. Это может потребовать времени и усилий, так как огромное каменное чудовище очень опасен.
11492;Надя;1053-08-24;да;1053-09-11;4;7000;По дороге из деревни у меня была украдена драгоценность. Нужно вернуть её как можно скорее.
11493;Анна;1051-08-17;да;1051-09-28;4;8500;В лесу около деревни заметили разбойников. Нужно прогнать их.
11494;Леонтия;1052-08-05;да;1052-09-15;6;13500;Недалеко от города у меня пропал рюкзак. Нужно вернуть его как можно скорее.
11495;Чарли;1053-04-06;да;1053-05-11;4;23000;В лесу около деревни встречаются звери. Нужно убить их.
11496;Олег;1052-10-03;да;1052-11-25;7;9000;В лесу между городом и деревней видели монстров. Нужно победить их.
11497;Леонтия;1053-06-13;да;1053-07-10;4;8000;В лесу по дороге от пещеры монстры нападают на людей. Нужно победить их.
11498;Мария;1052-10-18;да;1052-12-16;2;28000;В лесу около деревни разбойники нападают на людей. Нужно прогнать их.
11499;Олег;1053-07-08;да;1053-07-15;4;16500;В лесу недалеко от города были замечены разбойники. Нужно проучить их.
